version,db_sha256,log_sha256,db_url,log_url
20261007_232044,06cf218c486306d935a1e18c60f21c03fdb360510fe36c6067cbc99918cd43d1,bd76217aa53fe4ce82886ff79353dbb3d90c49a9544ba04d39abb893eb41bb07,https://sendit.sh/SE8Km/quote.db,https://sendit.sh/9DVGZ/app.log
20261008_151237,06cf218c486306d935a1e18c60f21c03fdb360510fe36c6067cbc99918cd43d1,bd76217aa53fe4ce82886ff79353dbb3d90c49a9544ba04d39abb893eb41bb07,https://sendit.sh/SE8Km/quote.db,https://sendit.sh/9DVGZ/app.log
20261008_160810,ead72511297c03adcc79052757d99c59a51b9bbc0c1e5c5ea33de1a4d4d74139,e9a4d6fc06af1f346b1bbd644821e4cae899b62c65aa587a4a6dffda74ceda33,https://sendit.sh/OoDCk/quote.db,https://sendit.sh/_rZ5p/app.log
20261008_160851,ead72511297c03adcc79052757d99c59a51b9bbc0c1e5c5ea33de1a4d4d74139,e9a4d6fc06af1f346b1bbd644821e4cae899b62c65aa587a4a6dffda74ceda33,https://sendit.sh/OoDCk/quote.db,https://sendit.sh/_rZ5p/app.log
20261008_160909,ead72511297c03adcc79052757d99c59a51b9bbc0c1e5c5ea33de1a4d4d74139,e9a4d6fc06af1f346b1bbd644821e4cae899b62c65aa587a4a6dffda74ceda33,https://sendit.sh/OoDCk/quote.db,https://sendit.sh/_rZ5p/app.log
20261008_161136,ead72511297c03adcc79052757d99c59a51b9bbc0c1e5c5ea33de1a4d4d74139,e9a4d6fc06af1f346b1bbd644821e4cae899b62c65aa587a4a6dffda74ceda33,https://sendit.sh/OoDCk/quote.db,https://sendit.sh/_rZ5p/app.log
20261008_161323,e6ea85da6f24286b1c477dafb2675c5e93ce934742a49e5a6085d8525e67ebb2,1963bd86e83ad09a390b55c8d898f433b0810aceaa569d13dd3735660112bc48,https://sendit.sh/obyOm/quote.db,https://sendit.sh/Lc7Ap/app.log
20261008_174200,42bc6b9b52108d83730dc6f8d46045db0299a2d79f6899d4435633c6e92cf176,93ff1dbd8b6a0ed199ac0e6fdd17e392c14b54090c50bf795c80017682bdcf48,https://sendit.sh/K1LMy/quote.db,https://sendit.sh/9pSsV/app.log
20261008_174622,ead72511297c03adcc79052757d99c59a51b9bbc0c1e5c5ea33de1a4d4d74139,e9a4d6fc06af1f346b1bbd644821e4cae899b62c65aa587a4a6dffda74ceda33,https://sendit.sh/OoDCk/quote.db,https://sendit.sh/_rZ5p/app.log
20261008_174719,c16b6296845db89ed6c3c91e4b78c02beae1614b31c890013dbd7dd39129511a,1fc8583c3bcf07149621460fc521d380f2ec2545ddf4f9f83dbee2343f93b20c,https://sendit.sh/yL4OX/quote.db,https://sendit.sh/H_1lH/app.log
20261009_120257,db21cf8017d9c036ef5ddd40a2d2ad78e479f6a49bf4aaf01332935fe09189b5,8886a61977e138ace690ffe009d491b7c82a03e2c11f91dcbe07fa323d4f7bda,https://sendit.sh/oRZ0u/quote.db,https://sendit.sh/14h34/app.log
20261009_154758,0e8c76b5644343aae743ae79089b7177a006287178003f6bacedeeb16c8b9b5e,1e2c91c369515cc63d4c8da598ccf07f59e7513699f0237f38cc61023385f066,https://sendit.sh/5QUTk/quote.db,https://sendit.sh/7bqmt/app.log
